Date,Open,High,Low,Close,Volume
28-Jun-17,978.55,990.68,969.21,990.33,3737567
27-Jun-17,990.69,998.8,976,976.78,3782389
26-Jun-17,1008.5,1009.8,992,993.98,3386157
23-Jun-17,1002.54,1004.62,998.02,1003.74,2879145
22-Jun-17,1002.23,1006.96,997.2,1001.3,2253433
21-Jun-17,998.7,1002.72,992.65,1002.23,2922473
20-Jun-17,998,1004.88,992.02,992.59,4076828
19-Jun-17,1017,1017,989.9,995.17,5043408
16-Jun-17,996,999.75,982,987.71,11472662
15-Jun-17,958.7,965.73,950.86,964.17,5373865
14-Jun-17,988.59,990.34,966.71,976.47,3974900
13-Jun-17,977.99,984.5,966.1,980.79,4580011
12-Jun-17,967,975.95,945,964.91,9447233
9-Jun-17,1012.5,1012.99,927,978.31,7647692
8-Jun-17,1012.06,1013.61,1006.11,1010.27,2767857
7-Jun-17,1005.95,1010.25,1002,1010.07,2823041
6-Jun-17,1012,1016.5,1001.25,1003,3346432
5-Jun-17,1007.23,1013.21,1003.51,1011.34,2719859
2-Jun-17,998.99,1008.48,995.67,1006.73,3752328
1-Jun-17,998.59,998.99,991.37,995.95,2454841
31-May-17,1000,1000.12,982.16,994.62,3913115
30-May-17,996.51,1001.2,995.52,996.7,3263069
26-May-17,995,998.65,989.25,995.78,3469154
25-May-17,984.85,999,982.11,993.38,4822032
24-May-17,976,981,970.23,980.35,2463052
23-May-17,975.02,975.2,966.85,971.54,2415594
22-May-17,964,971.38,962.9,970.67,2642217
19-May-17,962.84,968.92,959.72,959.84,3972089
18-May-17,944.8,962.75,944.76,958.49,3939347
17-May-17,954.7,960.4,944.12,944.76,5145578
16-May-17,961,970.06,960.91,966.07,3126051
15-May-17,958.73,963.15,956.06,957.97,4270625
12-May-17,954.5,962.79,951.53,961.35,3625857
11-May-17,945.11,950.29,940.78,947.62,2194070
10-May-17,953.5,953.75,945,948.95,2096512
9-May-17,952.8,957.89,950.2,952.82,3262113
8-May-17,940.95,949.05,939.21,949.04,3415731
5-May-17,940.52,940.79,930.3,934.15,2866397
4-May-17,944.75,945,934.22,937.53,2418381
3-May-17,946,946,935.9,941.03,3582686
2-May-17,946.64,950.1,941.41,946.94,3848835
1-May-17,927.8,954.4,927.8,948.23,5466544
28-Apr-17,948.83,949.59,924.33,924.99,7364681
27-Apr-17,914.39,921.86,912.11,918.38,5305543
26-Apr-17,910.3,915.75,907.56,909.29,2608948
25-Apr-17,907.04,909.48,903,907.62,3380639
24-Apr-17,908.68,909.99,903.82,907.41,3122893
21-Apr-17,902.67,903.65,896.77,898.53,2420494
20-Apr-17,899.7,905.32,896.29,902.06,2814441
19-Apr-17,907.84,910.5,897.37,899.2,2870242
18-Apr-17,900.99,909.61,900.78,903.78,2999238
17-Apr-17,887.5,902.38,887.5,901.99,2854673
13-Apr-17,891.45,894.97,884.49,884.67,3174583
12-Apr-17,903.09,904.09,895.25,896.23,2456140
11-Apr-17,907.04,911.24,897.5,902.36,3012743
10-Apr-17,899.63,908.51,899,907.04,3184301
7-Apr-17,899.65,900.09,889.31,894.88,3710922
6-Apr-17,913.8,917.19,894.49,898.28,6344065
5-Apr-17,910.82,923.72,905.62,909.28,7508370
4-Apr-17,891.5,908.54,890.28,906.83,4984656
3-Apr-17,888,893.49,885.42,891.51,3422328
31-Mar-17,877,890.35,876.65,886.54,3957612
30-Mar-17,874.95,877.06,871.66,876.34,2762730
29-Mar-17,859.05,876.44,859.02,874.32,4485770
28-Mar-17,851.75,858.46,850.1,856,3041633
27-Mar-17,838.07,850.3,833.5,846.82,2755775
24-Mar-17,851.68,851.8,843.53,845.61,2138269
23-Mar-17,848.2,850.89,844.8,847.38,1952964
22-Mar-17,840.43,849.37,839.05,848.06,2658669
21-Mar-17,858.84,862.8,841.31,843.2,4382852
20-Mar-17,851.51,857.8,851.01,856.97,2282727
17-Mar-17,853.49,853.83,850.64,852.31,3384403
16-Mar-17,855.3,855.5,850.51,853.42,1842296
15-Mar-17,854.33,854.45,847.11,852.97,2562176
14-Mar-17,853.55,853.75,847.55,852.53,2130586
13-Mar-17,851.77,855.69,851.71,854.59,1909672
10-Mar-17,857,857.35,851.72,852.46,2436434
9-Mar-17,851,856.4,850.31,853,2048187
8-Mar-17,848,853.07,846.79,850.5,2288317
7-Mar-17,845.48,848.46,843.75,846.02,2247554
6-Mar-17,845.23,848.49,841.12,846.61,2610370
3-Mar-17,847.2,851.98,846.27,849.88,1951575
2-Mar-17,853.08,854.82,847.28,848.91,2132098
1-Mar-17,853.05,854.83,849.01,853.08,2760083
28-Feb-17,851.45,854.09,842.05,845.04,2793709
27-Feb-17,842.38,852.5,839.67,848.64,2713627
24-Feb-17,844.69,845.81,837.75,845.24,3687963
23-Feb-17,857.57,860.86,848,852.19,3461984
22-Feb-17,856.95,858.43,852.18,855.61,2616971
21-Feb-17,848.84,857.98,847.25,856.44,3507742
17-Feb-17,842,847.27,840.73,845.07,3112275
16-Feb-17,841.84,845,839.38,844.14,2714667
15-Feb-17,834,842.81,832.82,842.7,2968853
14-Feb-17,837,838.31,831.45,836.39,2792442
13-Feb-17,831.62,843,828.55,836.53,4172618
10-Feb-17,823.82,828,822.85,827.46,2429609
9-Feb-17,821.6,825,819.71,821.36,2484948
8-Feb-17,812.69,821.48,812.5,819.71,2857985
7-Feb-17,809.31,816.16,807.5,812.5,3466091
6-Feb-17,809.8,810.72,803,807.64,3897301
3-Feb-17,806.72,818.3,804,810.2,10868773
2-Feb-17,836.59,842.49,828.26,839.95,7350492
1-Feb-17,829.21,833.78,824.94,832.35,3850181
31-Jan-17,823.75,826.99,819.56,823.48,3137196
30-Jan-17,833,833.5,816.38,830.38,3747336
27-Jan-17,839,839.7,829.44,835.77,2998700
26-Jan-17,835.53,843.84,833,839.15,3586323
25-Jan-17,825.79,837.42,825.29,836.52,4023078
24-Jan-17,822,823.99,814.5,822.44,2971740
23-Jan-17,806.8,818.5,805.08,817.88,2797474
20-Jan-17,815.28,816.02,806.26,808.33,3376196
19-Jan-17,810,813.51,807.32,809.04,2540784
18-Jan-17,809.5,811.73,804.27,807.48,2354201
17-Jan-17,815.7,816,803.44,809.72,3670529
13-Jan-17,814.32,821.65,811.4,817.14,3791945
12-Jan-17,800.31,814.13,799.5,813.64,4873922
11-Jan-17,793.66,799.5,789.51,799.02,2992791
10-Jan-17,796.6,798,789.54,795.9,2558369
9-Jan-17,798,801.77,791.77,796.92,3446109
6-Jan-17,782.36,799.44,778.48,795.99,5986234
5-Jan-17,761.55,782.4,760.26,780.45,5830068
4-Jan-17,758.39,759.68,754.2,757.18,2510526
3-Jan-17,757.92,758.76,747.7,753.67,3521066
30-Dec-16,766.47,767.4,748.28,749.87,4139449
29-Dec-16,772.4,773.4,760.85,765.15,3158299
28-Dec-16,776.25,780,770.5,772.13,3301025
27-Dec-16,763.4,774.65,761.2,771.4,2638725
23-Dec-16,764.55,766.5,757.99,760.59,1981616
22-Dec-16,768.12,771.21,763.02,766.34,2543551
21-Dec-16,770,771.22,765.7,770.6,2044629
20-Dec-16,768.65,774.39,767.71,771.22,2703629
19-Dec-16,758.89,770.5,756.16,766,3113240
16-Dec-16,765,765.13,754,757.77,4848219
15-Dec-16,766.28,769.1,760.31,761,3801927
14-Dec-16,778.25,780.86,762.81,768.82,5454836
13-Dec-16,764.96,782.46,762,774.34,5285288
12-Dec-16,766.4,766.89,757.2,760.12,2963945
9-Dec-16,770,770.25,765.34,768.66,2470923
8-Dec-16,771.87,773.79,765.19,767.33,3189608
7-Dec-16,764.55,770.42,755.82,770.42,3684906
6-Dec-16,763.99,768.24,757.25,764.72,3794746
5-Dec-16,745,761.49,742,759.36,4314723
2-Dec-16,743.4,748.49,736.7,740.34,3561307
1-Dec-16,752.41,753.37,738.03,743.65,4665993
30-Nov-16,762,768.09,750.25,750.57,4625946
29-Nov-16,768,769.89,761.32,762.52,3272344
28-Nov-16,776.99,777,764.24,766.77,4438828
25-Nov-16,786.5,786.75,777.9,780.37,1837068
23-Nov-16,781.73,781.75,773.12,780.12,3540263
22-Nov-16,788.17,792.4,781,785.33,5311320
21-Nov-16,766,780.35,765.11,780,4614574
18-Nov-16,761,767.74,757.64,760.16,4373408
17-Nov-16,749.32,757.5,748,756.4,3651345
16-Nov-16,739.88,749.87,735.61,746.49,3648791
15-Nov-16,730,746.78,725.99,743.24,6755785
14-Nov-16,745.51,746,710.1,719.07,7321344
11-Nov-16,735.73,743.26,728.9,739.01,6622784
10-Nov-16,778.81,778.83,717.7,742.38,12746994
9-Nov-16,764,777.5,760.09,771.88,8562892
8-Nov-16,784.97,791.74,779.1,787.75,3412629
7-Nov-16,771.64,787.73,770.94,784.93,5984354
4-Nov-16,762.79,766,753.23,755.05,5122103
3-Nov-16,765.05,777,764,767.03,3872496
2-Nov-16,783.93,784.75,763.55,765.56,5026504
1-Nov-16,799,800.84,776.71,785.41,5305428
31-Oct-16,781.03,793.7,780.11,789.82,5413326
28-Oct-16,782,789.49,774.61,776.32,10841073
27-Oct-16,831.24,831.72,815.43,818.36,7406385
26-Oct-16,832.76,833.44,820,822.59,3998102
25-Oct-16,839.3,843.09,833.22,835.18,3248358
24-Oct-16,824.95,838.3,822.21,838.09,4060899
21-Oct-16,809.36,819.42,809,818.99,2793015
20-Oct-16,813.99,815.71,803.1,810.32,3151954
19-Oct-16,820.4,820.67,815.17,817.69,2090706
18-Oct-16,822.11,823.26,815.02,817.65,2512504
17-Oct-16,821.5,822,811.68,812.95,3361492
14-Oct-16,835.08,835.74,822.96,822.96,2999814
13-Oct-16,829,831.8,821.21,829.28,3091387
12-Oct-16,834,837.67,830.1,834.09,2380416
11-Oct-16,841.02,841.29,828.35,831,3588180
10-Oct-16,843.25,845.2,840.27,841.71,1827143
7-Oct-16,845.79,845.95,837.45,839.43,2426228
6-Oct-16,843.7,847.21,840.6,841.66,2684013
5-Oct-16,838,845.67,836.12,844.36,3469055
4-Oct-16,840.91,842.36,830.26,834.03,2950314
3-Oct-16,836,839.86,831.25,836.74,2769448
30-Sep-16,832.61,839.95,832.4,837.31,4430566
29-Sep-16,828.26,837.5,824.63,829.05,4922248
28-Sep-16,818,830.14,817.03,828.72,4422078
27-Sep-16,801.85,816.64,801.11,816.11,3819600
26-Sep-16,801.8,805.93,797.14,799.16,2651397
23-Sep-16,803.13,807.75,802.12,805.75,2353511
22-Sep-16,794.27,805.89,794.27,804.7,4078910
21-Sep-16,783.25,790.69,779.01,789.74,2718644
20-Sep-16,776,781.37,776,780.22,1937164
19-Sep-16,779.97,781.94,771,775.1,2297221
16-Sep-16,773.28,780.46,771.66,778.52,5499182
15-Sep-16,762,770.87,757.58,769.69,3043534
14-Sep-16,762.2,767.5,758.85,761.09,2531822
13-Sep-16,768.77,769.89,759.05,761.01,3117224
12-Sep-16,757.35,772.66,756,771.49,3124704
9-Sep-16,779.36,781,760.11,760.14,4257344
8-Sep-16,783.89,786.5,781.44,784.06,2030511
7-Sep-16,789.53,790.79,784.33,784.48,2424622
6-Sep-16,774.04,789.48,770.22,788.87,3719788
2-Sep-16,774.11,776,771.7,772.44,2157422
1-Sep-16,770.9,772.04,766.75,770.62,1792271
31-Aug-16,766.6,769.64,764,769.16,1633789
30-Aug-16,771.05,771.84,765.56,767.58,1709158
29-Aug-16,768.72,774.98,768.6,771.29,2198560
26-Aug-16,760.05,770,759.8,769,2776830
25-Aug-16,756,760.56,754.74,759.22,1622992
24-Aug-16,763,763.41,755.36,757.25,1744107
23-Aug-16,763.31,764.7,761,762.45,1524131
22-Aug-16,757.5,759.85,752.1,759.48,1679251
19-Aug-16,761.9,762.49,756.89,757.31,2343237
18-Aug-16,764,765.17,760.6,764.46,1458834
17-Aug-16,764.41,765.22,759.2,764.63,1891116
16-Aug-16,768.62,768.73,763.82,764.04,1604561
15-Aug-16,771.9,772.04,767.71,768.49,2118521
12-Aug-16,768.46,773.15,768.42,772.56,1563318
11-Aug-16,769.94,773.75,769.12,771.24,2019740
10-Aug-16,769.8,772.1,766.19,768.56,1604280
9-Aug-16,767.39,772.6,766.9,768.31,1876091
8-Aug-16,766.81,767,761.02,766.56,1986272
5-Aug-16,764.81,768.47,763.09,765.98,2704391
4-Aug-16,753.7,765,750.35,760.77,3178208
3-Aug-16,757.06,758.89,752.25,754.64,3581525
2-Aug-16,763.81,765.01,757.02,760.58,3603280
1-Aug-16,759.87,770.5,757.06,767.74,3578205
29-Jul-16,765,766,755,758.81,6777050
28-Jul-16,745.98,753.36,739.7,752.61,7617580
27-Jul-16,737.97,740.94,733.86,736.67,2913134
26-Jul-16,742.71,743.13,732.75,735.59,2529692
25-Jul-16,746.55,748.5,735.35,739.61,2679290
22-Jul-16,747.79,751.28,743.53,744.86,2277711
21-Jul-16,747.5,749.36,742.79,744.43,2317072
20-Jul-16,744,746.25,740.7,745.72,2214023
19-Jul-16,732.5,743.33,732.31,739.95,2216820
18-Jul-16,735.49,741.6,728.72,736.07,2954914
15-Jul-16,746.55,746.55,734.05,735.44,3121385
14-Jul-16,748.86,749.04,739.02,741.2,2390472
13-Jul-16,746.76,756.87,741.25,742.63,4142265
12-Jul-16,756.86,757.34,740.33,748.21,5623657
11-Jul-16,750,755.9,747,753.78,3195272
8-Jul-16,740.14,746.1,738,745.81,3429217
7-Jul-16,739.33,739.55,731.63,736.57,2945783
6-Jul-16,725.71,737.77,722.58,737.61,3938249
5-Jul-16,722.8,728.11,719.61,728.1,2431431
1-Jul-16,717.32,728,716.54,725.68,2920423
30-Jun-16,717.2,719.37,712.54,715.62,2855142
29-Jun-16,715.75,719.5,713.54,715.6,3070052
28-Jun-16,700,708,698.17,707.95,4036957
27-Jun-16,692.01,696.82,682.12,691.36,5584037
24-Jun-16,693,712.53,692.2,698.96,7632511
23-Jun-16,715.5,722.12,712.5,722.08,2824974
22-Jun-16,716.58,717,707.56,710.6,2260454
21-Jun-16,715.72,718.4,712.72,715.82,2137534
20-Jun-16,713.5,721.31,710.81,714.01,3677162
17-Jun-16,718.19,718.2,699.18,706.39,5897788
16-Jun-16,712.05,718,705.3,717.51,3097961
15-Jun-16,722,722.56,713.35,714.26,2709447
14-Jun-16,712.33,720.8,712.27,719.3,2506922
13-Jun-16,714.01,721.99,711.16,715.24,3352201
10-Jun-16,722.35,724.98,714.21,717.91,3425718
9-Jun-16,723.1,728.91,722.3,727.65,2170318
8-Jun-16,726.4,729.42,721.6,726.64,2223366
7-Jun-16,729.89,730,720.55,723.74,2732463
6-Jun-16,726.5,731.5,724.42,726.73,2704806
3-Jun-16,726.74,727,718.43,725.54,3367306
2-Jun-16,720.97,728.28,715.5,728.24,3026583
1-Jun-16,720.9,726.43,718.22,719.44,3263107
31-May-16,712.33,724.23,711.32,722.79,3618323
27-May-16,715,716.6,711.1,712.24,2246353
26-May-16,708.33,715,707.29,714.91,2436846
25-May-16,708,710.86,705.52,708.35,3267686
24-May-16,698.01,707.5,698,704.2,2851442
23-May-16,704.25,706,696.42,696.75,2579171
20-May-16,701.05,707.24,700,702.8,2867442
19-May-16,691.88,699.4,689.56,698.52,3014968
18-May-16,689.56,702.54,688.76,697.45,4272357
17-May-16,709.9,714.47,693.91,695.27,5093930
16-May-16,710.13,713.25,700.28,710.66,5425097
13-May-16,714.64,719.25,706.51,709.92,4746626
12-May-16,717.38,722.45,711.51,717.93,5034666
11-May-16,705.79,719,701.65,713.23,7315995
10-May-16,694,704.55,693.5,703.07,6087032
9-May-16,673.95,686.98,671.41,679.75,3972272
6-May-16,656.05,676.95,656.01,673.95,4347214
5-May-16,673.31,676.49,656,659.09,4875480
4-May-16,662.59,674,662.14,670.9,4574490
3-May-16,677.36,680.3,670.43,671.32,4902099
2-May-16,663.92,685.5,662.03,683.85,6560872
29-Apr-16,666,669.98,654,659.59,10291785
28-Apr-16,615.54,626.8,599.2,602,7142090
27-Apr-16,611.8,615.95,601.28,606.57,4020813
26-Apr-16,626.17,626.75,614.88,616.88,2492620
25-Apr-16,616.61,626.98,616.25,626.2,2666702
22-Apr-16,624.47,628.25,611.56,620.5,5069891
21-Apr-16,631,637.82,628.5,631,2550919
20-Apr-16,630,636.55,623,632.99,2601549
19-Apr-16,637.14,638.01,620.8,627.9,4048806
18-Apr-16,625.35,637.64,624.96,635.35,4336419
15-Apr-16,621.92,626.77,618.11,625.89,2880881
14-Apr-16,615.07,624.38,615.07,620.75,3474327
13-Apr-16,607.68,616.81,605.29,614.82,4209763
12-Apr-16,598.4,604.06,592.31,603.17,2636315
11-Apr-16,596.14,604,594.91,595.93,2696498
8-Apr-16,594.32,597.86,589,594.6,2589156
7-Apr-16,598.76,599.6,589.08,591.43,3153717
6-Apr-16,587.52,602.39,587.5,602.08,2833480
5-Apr-16,590.77,593.47,585.25,586.14,2277169
4-Apr-16,599,599.5,590.55,593.19,2466710
1-Apr-16,590.49,599.03,588.3,598.5,2912350
31-Mar-16,599.28,600.75,592.21,593.64,2673617
30-Mar-16,596.71,603.24,595,598.69,3887968
29-Mar-16,580.15,595.85,576.5,593.86,4167059
28-Mar-16,584.4,584.75,575.56,579.87,3118032
24-Mar-16,567.11,583.55,567.08,582.95,5141569
23-Mar-16,561,572.48,558.1,569.63,3966131
22-Mar-16,545.11,562.76,545.05,560.48,3990902
21-Mar-16,548.91,555.24,538.58,553.98,5146137
18-Mar-16,560.94,562.33,546.09,552.08,7263345
17-Mar-16,569.51,571.4,555.01,559.44,5918200
16-Mar-16,576.64,581.32,571.14,574.27,3474570
15-Mar-16,571,581.52,567,577.02,3876821
14-Mar-16,567,576.89,563.05,573.37,3451873
11-Mar-16,566.95,570.06,562.73,569.61,3755372
10-Mar-16,566.74,567,547.9,558.93,3914343
9-Mar-16,559.56,560.35,550.12,559.47,4373282
8-Mar-16,557.87,571.35,554.74,560.26,4709432
7-Mar-16,573.54,573.63,555.55,562.8,4926936
4-Mar-16,581.07,581.4,571.06,575.14,3405070
3-Mar-16,577.96,579.87,573.11,577.49,2736673
2-Mar-16,581.75,585,573.7,580.21,4576922
1-Mar-16,556.29,579.25,556,579.04,5014414
29-Feb-16,554,564.81,552.51,552.52,4013368
26-Feb-16,560.12,562.5,553.17,555.23,4858230
25-Feb-16,555.52,559.39,545.29,555.15,4510534
24-Feb-16,545.75,554.27,533.15,554.04,6207285
23-Feb-16,555.55,556.91,545.33,552.94,4035929
22-Feb-16,542.2,560.65,541.08,559.5,5541066
19-Feb-16,520.71,535.95,515.35,534.9,4941120
18-Feb-16,541.19,541.2,523.73,525,4704237
17-Feb-16,528.74,537.48,519.39,534.1,4777467
16-Feb-16,519.48,524.45,511.66,521.1,5080654
12-Feb-16,510.7,516.75,501.49,507.08,5357247
11-Feb-16,491.17,509.3,484,503.82,7372686
10-Feb-16,491.76,504.66,486,490.48,6746103
9-Feb-16,478.01,498.38,474,482.07,7045885
8-Feb-16,486.47,493.5,475.21,488.1,9808766
5-Feb-16,529.28,529.45,499.19,502.13,9639606
4-Feb-16,525,538.99,519.22,536.26,6176558
3-Feb-16,553.5,556,521.9,531.07,10037222
2-Feb-16,570,571.56,550.09,552.1,6281425
1-Feb-16,578.15,581.8,570.31,574.81,6313793
29-Jan-16,571.98,593,570,587,14622317
28-Jan-16,608.37,638.06,597.55,635.35,12615917
27-Jan-16,601.99,603.39,578.78,583.35,5029472
26-Jan-16,603.45,604.5,590.38,601.25,3743213
25-Jan-16,597.99,608.5,594.56,596.53,4376653
22-Jan-16,588.73,600.1,584.11,596.38,5101123
21-Jan-16,573.58,588.81,568.22,575.02,4932633
20-Jan-16,564.36,578.45,547.18,571.77,7944703
19-Jan-16,577.09,584,566.45,574.48,4782763
15-Jan-16,572.24,584.62,565.3,570.18,7754464
14-Jan-16,580.25,602.25,569.88,593,7203038
13-Jan-16,620.88,620.88,579.16,581.81,7599968
12-Jan-16,625.25,625.99,612.24,617.89,4724100
11-Jan-16,612.48,619.85,598.57,617.74,4891551
8-Jan-16,619.66,624.14,606,607.05,5512915
7-Jan-16,621.8,630,605.21,607.94,7074915
6-Jan-16,622,639.79,620.31,632.65,5329197
5-Jan-16,646.86,646.91,627.65,633.79,5822603
4-Jan-16,656.29,657.72,627.51,636.99,9280761
31-Dec-15,686.08,687.75,675.89,675.89,3749560
30-Dec-15,691.89,695.49,686.38,689.07,3519003
29-Dec-15,677.98,696.44,677.89,693.97,5734996
28-Dec-15,665.56,675.5,665.5,675.2,3783555
24-Dec-15,663.35,664.68,660.6,662.79,1092970
23-Dec-15,666.5,666.6,656.63,663.7,2722922
22-Dec-15,666.83,668.49,659.26,663.15,2667795
21-Dec-15,668.5,669.9,658.93,664.51,3250900
18-Dec-15,668.65,676.84,664.13,664.14,6841304
17-Dec-15,680,682.5,670.65,670.65,3681645
16-Dec-15,663.56,677.35,659.32,675.77,3964470
15-Dec-15,665.03,671.5,657.35,658.64,4753415
14-Dec-15,641.75,658.58,635.27,657.91,4329653
11-Dec-15,651.23,657.88,639.62,640.15,5474420
10-Dec-15,665.59,668.53,659.56,662.32,3455472
9-Dec-15,678,679,655.68,664.79,5158172
8-Dec-15,663.13,679.99,659.79,677.33,3651908
7-Dec-15,674.74,675.46,660.5,669.83,3732814
4-Dec-15,666,674.78,661.4,672.64,4534796
3-Dec-15,679.44,682.79,661.48,666.25,5064736
2-Dec-15,681,684.82,674.25,676.01,4259104
1-Dec-15,673.75,681,667.86,679.06,4739462
30-Nov-15,675.9,681.29,664.6,664.8,5474105
27-Nov-15,680.8,680.99,672.1,673.26,1966551
25-Nov-15,675,679.7,671.24,675.34,2697889
24-Nov-15,674.14,675.8,661.21,671.15,4533750
23-Nov-15,671.5,682.77,670.12,678.99,4367129
20-Nov-15,663.95,668.87,657.57,668.45,3860188
19-Nov-15,664.99,672.86,659,661.27,4674078
18-Nov-15,646.51,664.88,646.37,663.54,4315747
17-Nov-15,650.65,653.25,641,643.3,4291990
16-Nov-15,640.92,649.99,622.29,647.81,7403464
13-Nov-15,663.57,667,640.45,642.35,6213880
12-Nov-15,673,675.64,664.22,665.6,4246218
11-Nov-15,663.25,675.96,663.25,673.25,5373772
10-Nov-15,653,660,647.26,659.68,3464933
9-Nov-15,658.65,661.96,647.85,655.49,4040181
6-Nov-15,655,662.26,652,659.37,4082524
5-Nov-15,647.1,657,643.09,655.65,4707393
4-Nov-15,627.76,645.93,627.35,640.95,4831843
3-Nov-15,629.53,629.89,622,625.31,3242365
2-Nov-15,627.13,628.63,620.41,628.35,2792454
30-Oct-15,626.01,630.72,625.28,625.9,3840398
29-Oct-15,617.7,627.54,615.39,626.55,3858609
28-Oct-15,612.3,617.23,609.5,617.1,3911944
27-Oct-15,608.6,614.71,605.53,611.01,3721355
26-Oct-15,602.3,609.85,596.29,608.61,4259250
23-Oct-15,617.68,619.45,595.36,599.03,10671575
22-Oct-15,562.7,569.15,556.67,563.91,7250534
21-Oct-15,563.87,565.25,552.52,555.77,3343551
20-Oct-15,572,573,555.28,560.88,4327920
19-Oct-15,570.76,579,567.38,573.15,4326293
16-Oct-15,565.27,570.94,560.31,570.76,4218101
15-Oct-15,547.75,563,547,562.44,4914627
14-Oct-15,551.34,552.25,539.68,544.83,3561089
13-Oct-15,546.26,553.2,543.1,548.9,2737089
12-Oct-15,539.96,550.82,539.8,550.19,2761080
9-Oct-15,534.48,541.79,530.27,539.8,3527237
8-Oct-15,536.71,539.39,519.89,533.16,4648953
7-Oct-15,541.79,542,529,541.94,3788801
6-Oct-15,545.5,551.5,533.33,537.48,4502815
5-Oct-15,536.99,545.91,536,543.68,3352397
2-Oct-15,512.99,532.6,508.1,532.54,4576555
1-Oct-15,511,520.8,506,520.72,3741058
30-Sep-15,505.44,512.8,501.67,511.89,3990425
29-Sep-15,506,511.48,490.5,496.07,4443224
28-Sep-15,520.02,520.28,494.33,504.06,5383198
25-Sep-15,542.57,542.8,521.4,524.25,3910275
24-Sep-15,530.55,534.56,522.87,533.75,3481804
23-Sep-15,538.3,541.21,534,536.07,2228055
22-Sep-15,539.71,543.55,532.66,538.4,3824240
21-Sep-15,544.33,549.78,539.59,548.39,3265264
18-Sep-15,534.62,546.24,531.35,540.26,6125617
17-Sep-15,526.98,546.97,526.57,538.87,4124870
16-Sep-15,521.98,528.3,518.52,527.39,2248046
15-Sep-15,523.25,527.92,517.2,522.37,2845635
14-Sep-15,529.44,532.45,518.58,521.38,3127107
11-Sep-15,521.07,529.44,520.6,529.44,3218563
10-Sep-15,515.15,526.13,514.78,522.24,2562832
9-Sep-15,524,529.95,515.06,516.89,4338714
8-Sep-15,508.69,518.35,508.51,517.54,3777499
4-Sep-15,497.65,502.85,495.64,499,2666341
3-Sep-15,514.5,515.84,502.57,504.72,3098941
2-Sep-15,505.09,510.86,497.72,510.55,3689628
1-Sep-15,499.14,510,493.43,496.54,3824035
31-Aug-15,516.44,519.41,509.07,512.89,2982995
28-Aug-15,517.5,521.5,513.04,518.01,2733815
27-Aug-15,513.71,522.69,507.26,518.37,6064885
26-Aug-15,484.02,503.72,478.76,500.77,6323581
25-Aug-15,487.49,489.44,466.25,466.37,5643973
24-Aug-15,463.58,489.76,451,463.37,10063882
21-Aug-15,507.36,512.33,494.47,494.47,6636405
20-Aug-15,530.39,533.25,515.77,515.78,4374857
19-Aug-15,533.74,537.25,529,532.92,2324040
18-Aug-15,535.04,539.49,533,535.02,2071342
17-Aug-15,531.29,538.74,527.12,535.22,2581680
14-Aug-15,528.25,534.11,528.25,531.52,1994799
13-Aug-15,527.37,534.66,525.48,529.66,2895238
12-Aug-15,523.75,527.5,513.06,525.91,4014684
11-Aug-15,523.65,528.98,522,527.46,2676600
10-Aug-15,528.52,532.28,523,524,2615926
7-Aug-15,529.16,529.46,518.21,522.62,3969215
6-Aug-15,539.3,542.74,527.52,529.46,3820453
5-Aug-15,538.8,539.14,534.12,537.01,2889350
4-Aug-15,529.69,536.95,529.16,531.9,2934590
3-Aug-15,537.45,540.44,529.36,535.03,3014236
31-Jul-15,539.09,542.84,534.52,536.15,3025598
30-Jul-15,527.65,539.2,524.29,536.76,3743065
29-Jul-15,530.92,532.97,525.02,529,3752634
28-Jul-15,536,536.39,523.12,526.03,5273092
27-Jul-15,527.75,544.95,526.6,531.41,7490960
24-Jul-15,578.99,580.57,529.35,529.42,21909381
23-Jul-15,491.66,491.66,475.7,482.18,9374431
22-Jul-15,485.99,492.5,484.9,488.27,3114898
21-Jul-15,487.9,488.88,482.55,488,3181831
20-Jul-15,492.57,493.2,485.4,488.1,4752491
17-Jul-15,477.7,485.42,477.25,483.01,4932176
16-Jul-15,465.5,475.88,464.8,475.48,4095581
15-Jul-15,463.04,464.7,460.2,461.19,2987399
14-Jul-15,462.32,469.6,458.16,465.57,4736215
13-Jul-15,448.29,457.87,447.54,455.57,3956802
10-Jul-15,440.49,444.72,439,443.51,2400981
9-Jul-15,434.9,438.72,434.15,434.39,2271395
8-Jul-15,434.35,435.99,428.83,429.7,2383130
7-Jul-15,435.68,437.73,425.57,436.72,3454248
6-Jul-15,435.23,439.73,433.52,436.04,1903161
2-Jul-15,437,438.2,433.48,437.71,1343397
1-Jul-15,439.35,440,435.58,437.39,1987076
30-Jun-15,434.2,435.57,430.46,434.09,2596873
29-Jun-15,434.98,437,429,429.86,2753193
26-Jun-15,441.76,443.49,435.06,438.1,2624479
25-Jun-15,438.07,443.47,436.39,440.1,2237458
24-Jun-15,444.97,446.47,440.23,440.84,2620827
23-Jun-15,435.59,447.04,433.69,445.99,3245049
22-Jun-15,437,439.24,434.18,436.29,1823572
19-Jun-15,440.26,444.99,433.24,434.92,4495087
18-Jun-15,430.3,439.73,429.4,439.39,3378360
17-Jun-15,428.36,431.35,424.75,427.81,2185869
16-Jun-15,424.15,427.97,422.67,427.26,2297469
15-Jun-15,427.66,428.05,422.64,423.67,2050987
12-Jun-15,431.25,432.36,428.26,429.92,2054385
11-Jun-15,432.29,438.89,431.47,432.97,2922459
10-Jun-15,426.46,432.2,425.66,430.77,2172333
9-Jun-15,422.96,427.49,419.14,425.48,2288663
8-Jun-15,425.62,426.8,421.42,423.5,2172525
5-Jun-15,429.66,430.8,426.5,426.95,1907855
4-Jun-15,434.4,436.76,429.26,430.78,2510761
3-Jun-15,434.4,438.39,432.75,436.59,2727914
2-Jun-15,430.07,433.23,426.25,430.99,1669845
1-Jun-15,430.4,433.16,426.2,430.92,2253264
29-May-15,427.23,432.5,427.23,429.23,3016060
28-May-15,429.71,431.35,425.47,426.57,1912436
27-May-15,427.45,431.85,425.01,431.42,2231088
26-May-15,426.2,427,422,425.47,2244185
22-May-15,431.55,432.44,427.61,427.63,2020629
21-May-15,428,436.9,428,431.63,4121401
20-May-15,420.6,427.1,418.36,423.86,2196159
19-May-15,424.87,428.24,420.63,421.71,2465240
18-May-15,426,427.27,421.46,425.24,2390229
15-May-15,428,430.4,424.3,426,4240306
14-May-15,429.45,433,427.01,432.28,1888477
13-May-15,429.98,433.53,425.8,426.87,1996328
12-May-15,431.08,433.25,426.71,431.02,1947822
11-May-15,432.51,439,431.37,432.85,2393737
8-May-15,430.75,435.2,430.17,433.69,2908838
7-May-15,424.15,428.5,422.85,426.88,2766132
6-May-15,421.43,422.72,414.55,419.1,2552474
5-May-15,422.85,427.51,421.02,421.19,2856386
4-May-15,424.8,429.77,422.42,423.04,2270448
1-May-15,423.82,425.64,416,422.87,3565824
30-Apr-15,427.11,431.75,419.24,421.78,3647877
29-Apr-15,426.75,434.24,426.03,429.37,3621688
28-Apr-15,438.51,439,428.04,429.31,4140483
27-Apr-15,443.86,446.99,437.41,438.56,5430949
24-Apr-15,439,452.65,439,445.1,17176904
23-Apr-15,390.21,391.88,386.15,389.99,7979985
22-Apr-15,391.91,394.28,388,389.8,3474724
21-Apr-15,391.31,394.6,386.8,391.18,4643524
20-Apr-15,378.55,391.94,377,389.51,5016148
17-Apr-15,382.63,383.56,374.4,375.56,3839664
16-Apr-15,383.69,387.45,383.55,386.04,2080418
15-Apr-15,384.65,385.78,381.64,383.45,1933229
14-Apr-15,383.51,387.81,381.21,385.11,2583575
13-Apr-15,383.53,385.28,380.14,382.36,1894453
10-Apr-15,384.31,387.12,381.32,382.65,2573519
9-Apr-15,380.66,384.42,378.8,383.54,2392328
8-Apr-15,374.66,381.58,374.65,381.2,2636434
7-Apr-15,376.15,379.31,374.03,374.41,1954902
6-Apr-15,370.1,380.2,369.36,377.04,3050709
2-Apr-15,370.5,373.28,369,372.25,1875279
1-Apr-15,372.1,373.16,368.34,370.26,2458095
31-Mar-15,373.24,377.7,371.51,372.1,2506122
30-Mar-15,371.87,376.12,371.55,374.59,1820933
27-Mar-15,367.11,373.17,366.57,370.56,2609774
26-Mar-15,369.59,371.4,365.65,367.35,2929962
25-Mar-15,375.17,380.5,370.28,370.96,3429497
24-Mar-15,373.99,375.24,372.27,374.09,2228214
23-Mar-15,378.07,381.77,374.94,375.11,2239343
20-Mar-15,376.29,379.37,375.92,378.49,3763553
19-Mar-15,373.87,377.11,372.19,373.24,1915671
18-Mar-15,369.97,375.99,366.7,375.14,2654135
17-Mar-15,371.11,374.5,369.64,371.92,2036961
16-Mar-15,370.38,373.94,366.72,373.35,2354059
13-Mar-15,371.52,373.99,366.68,370.58,2611658
12-Mar-15,368.82,375.5,367.52,374.24,2810001
11-Mar-15,370.61,373.35,366.26,366.37,2495097
10-Mar-15,377.45,377.77,369.18,369.51,3120972
9-Mar-15,378.4,379.33,375.28,378.56,2311390
6-Mar-15,385.52,387,378.88,380.09,2627042
5-Mar-15,385.61,388.42,383.89,387.83,2693518
4-Mar-15,385.71,387.9,382.19,382.72,2259141
3-Mar-15,383.95,386.1,381.6,384.61,1946498
2-Mar-15,380.85,385.9,379.48,385.66,2139205
27-Feb-15,384,385.99,379.79,380.16,2532309
26-Feb-15,384.07,389.37,383.28,384.8,2687107
25-Feb-15,377.27,387.85,376.54,385.37,3174495
24-Feb-15,378.65,380.48,376.16,378.59,1921850
23-Feb-15,383.44,384.54,378,380.14,2176989
20-Feb-15,378.62,383.7,375.84,383.66,3258023
19-Feb-15,373.49,381.88,373.43,379,2953752
18-Feb-15,375.42,376.74,372.85,373.37,2650610
17-Feb-15,377.72,379.98,372.67,375.43,3673208
13-Feb-15,378.41,383,377.01,381.83,3475069
12-Feb-15,375.1,378.51,373.15,377.17,2791050
11-Feb-15,371.23,377.1,371.1,375.14,2786523
10-Feb-15,371.19,374.3,368.51,373,2287232
9-Feb-15,371,374.41,367.2,370.56,2724630
6-Feb-15,374.87,375.99,371.01,374.28,3892382
5-Feb-15,366,378.8,365.9,373.89,7247605
4-Feb-15,358.38,367.5,358.23,364.75,4169927
3-Feb-15,360.29,367.82,360.21,363.55,6212565
2-Feb-15,350.05,365,350.01,364.47,10231914
30-Jan-15,346.32,359.5,340.74,354.53,23856060
29-Jan-15,304.73,312.8,299.33,311.78,8656567
28-Jan-15,309.81,311.51,303.8,303.91,3063774
27-Jan-15,306.3,310.24,302.62,306.75,2920315
26-Jan-15,311.82,313,307.52,309.66,3169665
23-Jan-15,308.08,316.93,307.72,312.39,4496419
22-Jan-15,300,312.25,300,310.32,5362640
21-Jan-15,289.64,306,287.26,297.25,10065076
20-Jan-15,292.59,293.36,286.39,289.44,3075081
16-Jan-15,286.28,290.79,285.25,290.74,3478176
15-Jan-15,294,296,286.82,286.95,4419196
14-Jan-15,291.93,295.91,286.5,293.27,5538666
13-Jan-15,297.48,301.5,293.23,294.74,4136442
12-Jan-15,297.56,298.51,289.28,291.41,3421392
9-Jan-15,301.48,302.87,296.68,296.93,2592360
8-Jan-15,300.32,303.14,296.11,300.46,3088398
7-Jan-15,297.5,301.28,295.33,298.42,2640349
6-Jan-15,302.24,303,292.38,295.29,3519034
5-Jan-15,307.01,308.38,300.85,302.19,2774231
2-Jan-15,312.58,314.75,306.96,308.52,2788101
31-Dec-14,311.55,312.98,310.01,310.35,2057766
30-Dec-14,309.91,313.94,309.34,310.3,2093023
29-Dec-14,307.85,314.27,306.58,312.04,3009046
26-Dec-14,305,310.78,303.81,309.09,2893801
24-Dec-14,306.38,307,302.88,303.03,1518107
23-Dec-14,306.98,307.49,303.25,306.28,2718359
22-Dec-14,301.94,307.36,301.94,306.54,4003827
19-Dec-14,296.91,301.54,295.52,299.9,8709129
18-Dec-14,304.01,304.5,293.25,297.73,7738067
17-Dec-14,296.37,299.67,293.03,298.88,4433505
16-Dec-14,304.35,304.49,295.01,295.06,6501252
15-Dec-14,308.87,310.86,302.15,306.07,3841577
12-Dec-14,303.99,310.64,303.01,307.32,3162322
11-Dec-14,307.89,312.64,306.01,307.36,3272919
10-Dec-14,312,313.19,304.68,305.84,3245890
9-Dec-14,302.99,313.64,301.14,312.5,4049506
8-Dec-14,311.57,316.56,304.82,306.64,3639180
5-Dec-14,316.8,316.93,310.84,312.63,3265214
4-Dec-14,315.53,318.59,313.47,316.93,3296642
3-Dec-14,325.73,326.77,314.36,316.5,5689904
2-Dec-14,327.5,327.93,323.25,326.31,2790257
1-Dec-14,338.12,340.64,325.93,326,4944861
28-Nov-14,336.03,341.26,336.03,338.64,3051798
26-Nov-14,333.78,334.65,331.75,333.57,1985949
25-Nov-14,335.27,336.33,331.28,335.04,2564989
24-Nov-14,334.78,337.39,333.6,335.64,2754186
21-Nov-14,335.42,338.33,331.47,332.63,4466587
20-Nov-14,324,332.67,323.33,330.54,3436721
19-Nov-14,327.25,328.4,324.02,326.54,3281614
18-Nov-14,323.99,329.56,323.25,324.93,3551161
17-Nov-14,326.44,328,318.03,323.05,4784933
14-Nov-14,317.12,332.88,316.4,327.82,8877785
13-Nov-14,312,317.89,311.51,316.48,3686428
12-Nov-14,310.75,312.58,308.79,311.51,2182982
11-Nov-14,305.94,312.38,303.65,312.01,3807333
10-Nov-14,300,305.8,300,305.11,2809056
7-Nov-14,297.82,299.99,296.29,299.86,2647352
6-Nov-14,296.69,297,292.29,296.64,3758121
5-Nov-14,303.01,304,294.16,296.52,4674492
4-Nov-14,303.99,304.25,300.17,302.81,3427384
3-Nov-14,306.24,308.01,303.24,305.72,3244150
31-Oct-14,305.15,305.72,301.5,305.46,4551795
30-Oct-14,293.98,299.74,292.36,299.07,4055155
29-Oct-14,299.11,299.61,293.07,294.12,4883259
28-Oct-14,289.76,298,289.76,295.59,5576646
27-Oct-14,285.7,290.42,285.02,289.97,5950594
24-Oct-14,284.4,293.81,284,287.06,19805911
23-Oct-14,313.4,316.8,311.4,313.18,9038193
22-Oct-14,315.43,318.98,312.64,312.97,3130049
21-Oct-14,309.9,315.64,307.07,315.33,3563351
20-Oct-14,302.95,306.53,302.02,306.21,3239490
17-Oct-14,307.15,309.2,302.72,303.64,4409218
16-Oct-14,293.83,306.82,293.83,302.86,4731866
15-Oct-14,304.35,307.9,299.1,305.97,5348254
14-Oct-14,308,312.24,305.75,308.31,3385809
13-Oct-14,309.87,313.2,303.47,306.45,4369850
10-Oct-14,314.02,317.77,311.38,311.39,3684314
9-Oct-14,321.49,322.27,314.52,315.37,3589464
8-Oct-14,316.58,324.11,314.14,322.7,3458960
7-Oct-14,319.43,322,316.67,316.98,2365698
6-Oct-14,323.5,324.13,319.6,322.2,2294194
3-Oct-14,320.36,325.16,319.53,322.74,3037891
2-Oct-14,316.92,318.53,311.31,318.41,3553944
1-Oct-14,322.04,322.16,315.55,317.46,3096735
30-Sep-14,321.36,323.43,318.51,322.44,2639967
29-Sep-14,320.5,323.75,319,321.82,1929589
26-Sep-14,320.6,323.5,317.64,323.21,3639155
25-Sep-14,327.99,328.54,321.4,321.93,2934944
24-Sep-14,324.17,329.44,319.56,328.21,2647232
23-Sep-14,322.46,327.6,321.25,323.63,2353590
22-Sep-14,328.49,329.49,321.06,324.5,3118649
19-Sep-14,327.6,332.76,325.57,331.32,6886382
18-Sep-14,325.44,327.1,323.71,325,2577706
17-Sep-14,327.76,328,321.52,324,4138950
16-Sep-14,321.07,329.48,320.1,327.76,3265860
15-Sep-14,330.91,331.33,319,323.89,4006918
12-Sep-14,329.56,332.89,328.79,331.19,3429727
11-Sep-14,329.94,333.01,326.39,330.52,2721893
10-Sep-14,334.3,334.98,328.82,331.33,3798904
9-Sep-14,341.61,341.76,329.18,329.75,4646832
8-Sep-14,344.54,345.81,339.04,342.34,2960693
5-Sep-14,346.3,346.83,342.5,346.38,2111220
4-Sep-14,343.69,349.38,343.58,345.95,3965557
3-Sep-14,342.54,343.27,337.55,339,1998540
2-Sep-14,339.98,342.5,337.16,342.38,2328881
29-Aug-14,341.76,341.82,337.68,339.04,1939848
28-Aug-14,340,341.79,338.8,340.02,2254725
27-Aug-14,342.09,346.67,341.34,343.18,2961767
26-Aug-14,337,344.36,334.55,341.83,3654702
25-Aug-14,333.21,336.77,332.71,334.02,1960978
22-Aug-14,332.99,334.08,330.8,331.59,2212965
21-Aug-14,336.48,336.58,332.23,332.91,1975792
20-Aug-14,334.68,337.16,334.02,335.78,1811462
19-Aug-14,334.87,335.81,333.01,335.13,1714120
18-Aug-14,335.48,337.8,333.77,334.53,2488186
15-Aug-14,334,335,328.32,333.63,3897928
14-Aug-14,327.8,334.09,326.71,333.21,3420646
13-Aug-14,327.6,331.72,326.14,326.28,4945094
12-Aug-14,318.89,321.31,316.95,319.32,1916143
11-Aug-14,318.48,320.38,316.88,318.33,2472819
8-Aug-14,311.94,317.32,310.66,316.8,2708416
7-Aug-14,315.21,315.88,309.66,311.45,2936913
6-Aug-14,310.83,315.78,310.2,313.89,2297476
5-Aug-14,313.65,314.55,310.06,312.32,2856294
4-Aug-14,308.84,316.18,308.5,313.65,4208660
1-Aug-14,313.69,315.83,304.59,307.06,7443091
31-Jul-14,320.01,320.68,311.86,312.99,5193770
30-Jul-14,321.45,322.73,318.5,322.51,3973213
29-Jul-14,321.98,322.9,319.5,320,2885644
28-Jul-14,324.25,324.82,316.5,320.41,5933999
25-Jul-14,317.3,324.87,314.76,324.01,17855141
24-Jul-14,359.98,364.85,358.52,358.61,7088655
23-Jul-14,359.05,360.63,356.62,358.14,2688761
22-Jul-14,355.25,362.93,355.25,360.84,2889366
21-Jul-14,358.1,361.71,356.72,359.76,2282741
18-Jul-14,354.4,359.68,352.08,358.66,3410032
17-Jul-14,353.44,356.96,351.38,352.45,3640290
16-Jul-14,355.62,359.32,353,355.9,3505023
15-Jul-14,353.72,355.59,349.4,354.44,4176758
14-Jul-14,347.03,355.77,345.36,355.32,5615482
11-Jul-14,334.71,347,334.71,346.2,8309079
10-Jul-14,324.34,329.98,322.65,327.92,2665753
9-Jul-14,324.71,330.2,323.15,329.97,3167133
8-Jul-14,333.1,333.74,321.4,323.81,4275447
7-Jul-14,337.5,337.55,332.52,333.55,2130028
3-Jul-14,334.83,338.3,333.08,337.49,1944300
2-Jul-14,333.2,336.76,331.66,332.85,2681578
1-Jul-14,325.86,333.2,325.1,332.39,3178548
30-Jun-14,324.98,326.98,322.24,324.78,2672165
27-Jun-14,325.88,326.52,323.27,324.57,2419626
26-Jun-14,328.49,328.65,322.13,325.69,2699908
25-Jun-14,324.33,328.15,321.74,327.44,2328006
24-Jun-14,327.54,329.73,322.74,324.16,2627978
23-Jun-14,323.33,327.55,321.41,327.24,2609628
20-Jun-14,327.76,328.22,320.42,324.2,6056210
19-Jun-14,335.26,338.9,325.98,327,5327002
18-Jun-14,328,335.75,325,334.38,6409334
17-Jun-14,327.54,331.34,325.23,325.62,2924058
16-Jun-14,324.86,328.69,323.52,327.62,2449843
13-Jun-14,327.05,329.3,323.53,326.27,2766909
12-Jun-14,335.55,335.55,324.66,325.91,4276316
11-Jun-14,336,340.72,333.88,335.2,4439178
10-Jun-14,327.65,335.5,327.5,332.41,3668904
9-Jun-14,331.57,333,325.65,327.5,3212755
6-Jun-14,325,330.88,324.93,329.67,5246723
5-Jun-14,308.1,327.94,306.9,323.57,7803760
4-Jun-14,306.85,309.5,303.84,306.78,2111176
3-Jun-14,305.75,307.92,305.07,307.19,2379273
2-Jun-14,312.59,312.6,307,308.84,2205909
30-May-14,314.43,314.65,307.57,312.55,4260624
29-May-14,310.42,314.87,310.2,313.78,2365679
28-May-14,309.5,313.82,307.42,310.16,2726803
27-May-14,314.41,314.63,307.38,310.82,4864163
23-May-14,305.46,312.35,304.9,312.24,3055997
22-May-14,305.05,308.54,303.01,304.91,2576888
21-May-14,302.21,305.96,301.52,305.01,3409200
20-May-14,297.1,304.46,296.75,301.19,4096308
19-May-14,295.76,299,293.81,296.76,2286313
16-May-14,292.8,298.88,291.55,297.7,3637649
15-May-14,298.02,299.2,290.38,295.19,4299530
14-May-14,302.5,304.64,296.66,297.62,3328414
13-May-14,302.6,305.6,300.75,304.64,3509937
12-May-14,294.3,303.34,294.16,302.86,3735443
9-May-14,290.57,293.68,284.38,292.24,4062984
8-May-14,290.82,295.88,287.23,288.32,3848996
7-May-14,295.56,296.4,286.68,292.71,7016937
6-May-14,309.53,309.81,297.04,297.38,4682327
5-May-14,306.37,310.23,305,310.05,2520300
2-May-14,310.42,313.29,304.31,308.01,3995218
1-May-14,304.13,310.48,304,307.89,4329167
30-Apr-14,298.1,304.56,298.1,304.13,4090006
29-Apr-14,296.44,301.84,290.45,300.38,6510591
28-Apr-14,304,304.39,288,296.58,14479803
25-Apr-14,316.25,316.49,302.71,303.83,16186737
24-Apr-14,329.67,337.4,322.95,337.15,9293735
23-Apr-14,333.06,333.13,323.39,324.58,3604586
22-Apr-14,332,337.5,328.94,329.32,3714288
21-Apr-14,323.97,331.15,322.31,330.87,3000598
17-Apr-14,319.76,328.66,319.76,324.91,4300378
16-Apr-14,321.17,324,314.71,323.68,4285901
15-Apr-14,316.7,318.28,305.5,316.08,5399337
14-Apr-14,317.67,320.48,311.28,315.91,4293532
11-Apr-14,314,316.5,309.5,311.73,7292028
10-Apr-14,330.6,331,316.5,317.11,6133376
9-Apr-14,328.47,332.18,322.5,331.8,5058664
8-Apr-14,321.88,328,318.44,327.07,6585583
7-Apr-14,320.99,324.94,313.13,317.76,7077360
4-Apr-14,335.15,335.44,315.61,323,12534578
3-Apr-14,341.82,342.5,328.46,333.62,6399299
2-Apr-14,345.99,348.3,340.38,341.96,4475523
1-Apr-14,338.09,344.43,338,342.99,3602899
31-Mar-14,342.4,346.29,334.06,336.36,4297487
28-Mar-14,340.05,347,336.08,338.29,3986782
27-Mar-14,343.15,344,330.88,338.47,5770462
26-Mar-14,357.13,357.6,343.4,343.41,4120665
25-Mar-14,354.03,358.97,348.84,354.71,4455703
24-Mar-14,360.09,361.5,348.6,351.85,4879627
21-Mar-14,371,372.84,358.4,360.62,5417935
20-Mar-14,370.64,373,366.22,368.97,2558460
19-Mar-14,378.77,379,369.42,373.23,2646687
18-Mar-14,377.32,379,375,378.77,2483508
17-Mar-14,375.72,378.85,374.88,375.04,2306821
14-Mar-14,372.8,378.57,371.55,373.74,4402220
13-Mar-14,376.62,383.11,368.08,371.51,6829047
12-Mar-14,366.4,371.16,363.61,370.64,2219663
11-Mar-14,370.99,372.8,367.28,368.82,2248019
10-Mar-14,372.69,372.73,367,370.53,2107820
7-Mar-14,374.58,374.99,369.53,372.06,2280358
6-Mar-14,374.05,375.33,368.9,372.16,2927497
5-Mar-14,364.13,372.73,363.9,372.37,3862706
4-Mar-14,363.9,365.68,362.46,363.9,2706843
3-Mar-14,358.74,360.96,354.48,359.78,2804261
28-Feb-14,360.6,365.86,357.08,362.1,3885207
27-Feb-14,357.22,360.59,355.5,360.13,3105442
26-Feb-14,359.86,364.75,357.17,359.8,3622506
25-Feb-14,353,361.08,351.58,358.32,3747076
24-Feb-14,345.19,353,343.29,351.78,3647182
21-Feb-14,352.44,354.14,346.75,346.76,4212144
20-Feb-14,348.8,350.46,344.38,349.8,3496663
19-Feb-14,352.64,354.54,346.1,347.38,4175393
18-Feb-14,355.28,355.73,349.45,353.65,5000493
14-Feb-14,359.34,359.34,353.35,357.35,3524570
13-Feb-14,347.7,357.2,346.5,357.2,4181445
12-Feb-14,356.43,357.75,346.32,349.25,6599199
11-Feb-14,361.84,363.61,356.25,361.79,3225200
10-Feb-14,361.61,365,359.35,360.87,3451093
7-Feb-14,358.98,361.8,352.49,361.08,4347189
6-Feb-14,347.4,354.82,347.4,354.59,3340542
5-Feb-14,346,349.37,337.73,346.45,4439010
4-Feb-14,349.59,354,344.02,347.95,4821177
3-Feb-14,358.98,360.85,340.1,346.15,10290934
31-Jan-14,371.76,375.45,357.76,358.69,16181519
30-Jan-14,393.77,406.25,387.7,403.01,10900116
29-Jan-14,392.16,392.85,383.24,384.2,3399294
28-Jan-14,387.4,394.74,387.12,394.43,2901611
27-Jan-14,390.5,394.1,380.49,386.28,3944752
24-Jan-14,398.16,400.2,387.27,387.6,4513038
23-Jan-14,401,406.17,397.79,399.87,3026272
22-Jan-14,408,408.06,402,404.54,2069759
21-Jan-14,403,407.8,401.6,407.05,3122705
17-Jan-14,394.26,403.49,393.66,399.61,4508791
16-Jan-14,393.68,399.29,389.41,395.8,2602506
15-Jan-14,398.94,399.31,392.53,395.87,2678794
14-Jan-14,392.13,398.63,391.29,397.54,2340401
13-Jan-14,397.98,399.78,388.45,390.98,2846507
10-Jan-14,402.53,403.76,393.8,397.66,2681701
9-Jan-14,403.71,406.89,398.44,401.01,2103793
8-Jan-14,398.47,403,396.04,401.92,2316903
7-Jan-14,395.04,398.47,394.29,398.03,1916684
6-Jan-14,395.85,397,388.42,393.63,3172207
3-Jan-14,398.29,402.71,396.22,396.44,2213512
2-Jan-14,398.8,399.36,394.02,397.97,2140246
31-Dec-13,394.58,398.83,393.8,398.79,1997051
30-Dec-13,399.41,399.92,392.45,393.37,2487812
27-Dec-13,404.65,405.63,396.25,398.08,1987280
26-Dec-13,401.79,404.52,396.81,404.39,1871590
24-Dec-13,402.52,403.72,396.37,399.2,1380373
23-Dec-13,403.69,405,399.2,402.92,2661823
20-Dec-13,396.84,404.72,395.78,402.2,5038537
19-Dec-13,394.36,397.29,392.6,395.19,2429598
18-Dec-13,389.56,396.3,383.1,395.96,3493635
17-Dec-13,391,391.36,386.5,387.65,2348377
16-Dec-13,385.5,391.7,385,388.97,2258884
13-Dec-13,384.62,389.42,383.8,384.24,3025145
12-Dec-13,381.55,385,379.5,381.25,2123652
11-Dec-13,387.71,388.98,382,382.19,2451254
10-Dec-13,383.5,389.06,383.02,387.78,2739875
9-Dec-13,388.21,388.21,382.57,384.89,2766573
6-Dec-13,388.35,388.35,383.83,386.95,1987762
5-Dec-13,386.65,386.65,381.37,384.49,1906452
4-Dec-13,383.5,389.69,381.49,385.96,2355719
3-Dec-13,390.11,390.95,383.1,384.66,3707536
2-Dec-13,399,399,389.1,392.3,4718883
29-Nov-13,389.1,394.1,388.62,393.62,2405985
27-Nov-13,383.5,387,382.61,386.71,2269656
26-Nov-13,377.61,382.5,374.82,381.37,2730689
25-Nov-13,373.82,377.79,373.18,376.64,2972546
22-Nov-13,370,374.5,366.31,372.31,2967833
21-Nov-13,364.05,369.25,363.3,368.92,1967041
20-Nov-13,367.56,367.56,360.45,362.57,1772984
19-Nov-13,365.82,368.78,362.5,364.94,1904797
18-Nov-13,370.28,373.49,364.67,366.18,2738214
15-Nov-13,367.63,372.9,365.55,369.17,4494773
14-Nov-13,357.39,368.94,356.43,367.4,4164128
13-Nov-13,347.4,356.22,345.68,356.22,2777832
12-Nov-13,352.99,355.48,347.28,349.53,2344304
11-Nov-13,350.59,355.37,348.06,354.38,2262538
8-Nov-13,345.95,351.05,344.04,350.31,2656865
7-Nov-13,355.86,357.9,341.88,343.56,4250065
6-Nov-13,360.45,362.87,354.5,356.18,2288077
5-Nov-13,356.78,360.17,354.84,358.89,2007275
4-Nov-13,360.12,361,354.4,358.74,1940496
1-Nov-13,365.63,365.77,356.1,359,3332126
31-Oct-13,361.73,366,359,364.03,2466937
30-Oct-13,362.62,365,358.65,361.08,4505005
29-Oct-13,358.96,362.89,356.29,362.7,2190763
28-Oct-13,359.92,362.75,357.2,358.16,3635848
25-Oct-13,358.6,368.4,352.62,363.39,12043903
24-Oct-13,329.63,332.65,326.75,332.21,5884655
23-Oct-13,330.84,331.72,324.06,326.76,2818158
22-Oct-13,327.72,337.11,325.68,332.54,3942953
21-Oct-13,329.89,330,323.8,326.44,2527617
18-Oct-13,319.36,331.89,316.75,328.93,5969814
17-Oct-13,307.07,311,305.24,310.77,2648384
16-Oct-13,308.38,310.8,305.55,310.49,2180521
15-Oct-13,309.87,310.79,305.26,306.4,2261554
14-Oct-13,309.22,311.64,307,310.7,1939092
11-Oct-13,304.77,310.93,303.84,310.89,2163093
10-Oct-13,304.63,306.7,302.59,305.17,2557138
9-Oct-13,303.42,303.5,296.5,298.23,3252771
8-Oct-13,311.5,311.54,300.27,303.23,3171592
7-Oct-13,315.24,315.34,309.74,310.03,2085725
4-Oct-13,315.13,319.2,312.62,319.04,1814976
3-Oct-13,320.39,322.92,313.02,314.76,2679440
2-Oct-13,318.04,321.73,317.52,320.51,2224623
1-Oct-13,314.22,321,313.65,320.95,2398999
30-Sep-13,313.41,315.31,311.06,312.64,1625844
27-Sep-13,316.92,317.21,313.35,316.01,1658435
26-Sep-13,313.9,319.37,313.26,318.12,1990982
25-Sep-13,314.53,316.71,310.75,312.65,2010249
24-Sep-13,312.43,318.08,311.28,314.13,2033546
23-Sep-13,314.01,315.9,308.77,311.49,1885197
20-Sep-13,312.54,320.57,312.41,316.34,5306003
19-Sep-13,313.77,314.54,311.04,312.06,2350946
18-Sep-13,304.06,312.74,302.91,312.03,2946988
17-Sep-13,297.63,304.65,296.01,304.17,2297381
16-Sep-13,299.82,301,295.26,296.06,1818400
13-Sep-13,300.14,300.22,296.2,297.92,1350645
12-Sep-13,299.39,302,297.66,298.86,1606393
11-Sep-13,298.91,301.86,297.84,299.64,1742264
10-Sep-13,300.55,301,297.22,300.36,1781037
9-Sep-13,297.22,299.96,296.6,299.71,1646244
6-Sep-13,295.33,298.88,290.8,295.86,2293345
5-Sep-13,293.63,297,292.71,294.1,1819790
4-Sep-13,288.33,295.23,287.58,293.64,2439351
3-Sep-13,284.73,291.39,284.17,288.8,2898422
30-Aug-13,284.59,284.87,280,280.98,1534706
29-Aug-13,281.45,285.98,280,283.98,1566544
28-Aug-13,280.36,283,279.33,281.58,1457461
27-Aug-13,283.87,285.28,279.74,280.93,2475991
26-Aug-13,290.43,291.05,285.62,286.21,1718213
23-Aug-13,291.21,291.5,287.9,290.01,1968285
22-Aug-13,284.8,289.87,284.8,289.73,1422672
21-Aug-13,285.09,288.5,283.83,284.57,1816344
20-Aug-13,285.88,289.52,285.74,287.09,1586236
19-Aug-13,285.19,289.56,283.48,285.57,2479612
16-Aug-13,286.55,288.33,284.5,284.82,2423056
15-Aug-13,288.79,289.3,285.15,286.47,2261493
14-Aug-13,294.29,294.29,290.54,291.34,1415476
13-Aug-13,295.88,296.37,290.67,293.97,2355093
12-Aug-13,295.79,299.08,295.26,296.69,1504625
9-Aug-13,295.68,299.27,294.3,297.26,1950386
8-Aug-13,298.52,298.52,292.55,295.74,2346335
7-Aug-13,300.15,300.99,296.15,296.91,1963110
6-Aug-13,300.51,301.36,297.52,300.75,1849796
5-Aug-13,303.4,303.62,298.3,300.99,2233258
2-Aug-13,304.63,305.33,301.5,304.21,2508358
1-Aug-13,303.08,306.21,298.9,305.57,2971659
31-Jul-13,303.91,305.15,301,301.22,1891514
30-Jul-13,307.72,309.78,301.57,302.41,3053775
29-Jul-13,311.07,313,305.9,306.1,3213115
26-Jul-13,299.55,313.62,295.55,312.01,8819755
25-Jul-13,299,304.5,296.75,303.4,5484465
24-Jul-13,303.02,303.84,298.04,298.94,2002745
23-Jul-13,303.16,305.06,300.56,301.06,1999624
22-Jul-13,309.25,309.25,302,303.48,2522023
19-Jul-13,304.39,305.79,301.91,305.23,2973181
18-Jul-13,306.27,306.34,301.87,304.11,3064359
17-Jul-13,306.97,308.8,305.69,308.69,2031626
16-Jul-13,307.3,309.39,305.51,306.87,2660597
15-Jul-13,307.27,307.99,304.35,306.57,2245687
12-Jul-13,298.69,307.55,298.5,307.55,4543264
11-Jul-13,294.99,300.69,292.1,299.66,4007601
10-Jul-13,291.41,293.34,289.4,292.33,1810122
9-Jul-13,291,292.57,288.01,291.53,2775516
8-Jul-13,286.42,291.67,286.14,290.59,3047197
5-Jul-13,285,286.38,282.07,285.88,1985923
3-Jul-13,282,285.4,282,284.03,1380205
2-Jul-13,281.04,286.58,280.59,283.73,3238618
1-Jul-13,279,283.29,277.16,282.1,2890065
28-Jun-13,276.19,279.83,276.19,277.69,3193515
27-Jun-13,279.18,280.2,274.54,277.55,2520422
26-Jun-13,273.98,277.98,273.5,277.57,3029816
25-Jun-13,272.3,273.47,269,272.09,2452910
24-Jun-13,271.29,273.16,265,270.61,3866168
21-Jun-13,274.57,275.84,269.79,273.36,4202058
20-Jun-13,275.14,278.6,272.39,273.44,2985196
19-Jun-13,281.26,283.34,277.87,278.16,2828375
18-Jun-13,279.08,282.91,278.11,281.76,2147649
17-Jun-13,276.35,280.2,275.65,278.06,2885680
14-Jun-13,275,277.07,273.44,273.99,2147223
13-Jun-13,271.5,276.8,270.29,275.79,2651715
12-Jun-13,276.6,276.8,270.45,271.67,2239259
11-Jun-13,276,278.41,274.24,274.78,3094367
10-Jun-13,276.68,282.47,275.24,281.07,3088355
7-Jun-13,269.74,280.1,269.13,276.87,4632539
6-Jun-13,267.75,270.5,264.21,267.83,2476368
5-Jun-13,265.81,271.66,265.02,267.17,3512867
4-Jun-13,267,268.88,263.02,265.7,2088972
3-Jun-13,265.38,269.11,262.95,266.88,2545284
31-May-13,266,271.91,265.94,269.2,3374919
30-May-13,265.71,268.57,265.62,266.83,1668469
29-May-13,265.46,268.25,264.84,265.53,1903590
28-May-13,266.48,271.1,266,267.29,3471096
24-May-13,259.85,261.93,258.34,261.74,1696415
23-May-13,260.49,263.17,259.59,261.8,2007811
22-May-13,267.39,267.59,260.8,262.96,3332597
21-May-13,268.74,270.77,267.66,268.86,1741466
20-May-13,269,271.79,266.5,267.63,2209034
17-May-13,265.83,269.98,265,269.9,2528227
16-May-13,265.96,268.43,263.85,264.12,1643668
15-May-13,267.07,269.05,264.56,266.56,2721687
14-May-13,264.5,269.4,264.03,268.33,2700674
13-May-13,262.77,265.88,262,264.51,2149498
10-May-13,260.88,263.65,260.21,263.63,3145869
9-May-13,258.73,263.55,256.88,260.16,2769255
8-May-13,256.87,260.3,255.33,258.68,2677086
7-May-13,256.31,259.74,252.91,257.73,3134069
6-May-13,258.09,259.5,253.42,255.72,2349545
3-May-13,256.14,259.25,254.7,258.05,3514674
2-May-13,248.94,252.93,245.78,252.55,3936170
1-May-13,253.9,254.2,245.75,248.23,4392202
30-Apr-13,249.37,254.68,248.56,253.81,4250210
29-Apr-13,254.9,257.01,249.15,249.74,7120310
26-Apr-13,269.97,272.02,252.81,254.81,14035877
25-Apr-13,271.53,275.8,270.5,274.7,6116498
24-Apr-13,269.5,271.47,266.81,268.78,1855081
23-Apr-13,264.5,269.87,264.5,268.9,2274694
22-Apr-13,259.35,264.6,258.03,263.55,2119351
19-Apr-13,258.16,262.88,257.5,260.32,2602870
18-Apr-13,266.81,266.99,256.6,259.42,3138006
17-Apr-13,270.8,270.85,264.25,267.4,3135291
16-Apr-13,269.31,272.8,268.06,272.34,2138618
15-Apr-13,271.08,275.12,267.1,267.72,3325919
12-Apr-13,270.12,273.27,267.02,272.87,2868165
11-Apr-13,264.74,270.97,264.74,269.85,3092065
10-Apr-13,261.78,265.98,259.32,264.77,2322707
9-Apr-13,258.85,262.61,257,261.14,2158332
8-Apr-13,255.92,259.68,255.63,258.95,2296823
5-Apr-13,255.72,256.18,253.67,255.48,2558157
4-Apr-13,259.23,260.41,256.12,259.08,1964612
3-Apr-13,262.12,263.67,257.75,259.03,2414484
2-Apr-13,262.4,265.89,260.55,263.32,2632338
1-Apr-13,266.98,267.4,261.01,261.61,2525200
28-Mar-13,265.82,267.38,264.06,266.49,2473857
27-Mar-13,258.75,265.93,257.9,265.3,2874924
26-Mar-13,257.05,261.48,256.28,260.31,2421160
25-Mar-13,258.58,259.43,254.5,256.02,2515058
22-Mar-13,254.55,257.77,252.07,257.75,3126299
21-Mar-13,256.11,257,252.68,253.39,2806446
20-Mar-13,258.05,259.76,254.55,257.28,2738970
19-Mar-13,258.4,259.5,252.62,256.41,3739566
18-Mar-13,259.3,261.49,257.12,257.89,2721496
15-Mar-13,264.98,267.26,260.05,261.82,4866472
14-Mar-13,269.67,270,263.53,265.74,5227305
13-Mar-13,275.24,276.5,272.64,275.1,1884215
12-Mar-13,271,277.4,270.36,274.13,3246856
11-Mar-13,273.43,273.99,270.4,271.24,1905076
8-Mar-13,275,275.44,271.5,274.19,1880117
7-Mar-13,274.1,274.8,271.85,273.88,1939787
6-Mar-13,275.76,276.49,271.83,273.79,2051552
5-Mar-13,274,276.68,269.99,275.59,3688583
4-Mar-13,265.36,273.3,264.14,273.11,3457519
1-Mar-13,263.27,266.6,261.04,265.74,2958799
28-Feb-13,261.81,267,260.63,264.27,2668154
27-Feb-13,259.4,265.83,256.86,263.25,2908410
26-Feb-13,260.89,262.04,255.73,259.36,3348760
25-Feb-13,266.94,268.69,259.65,259.87,3032709
22-Feb-13,266.62,267.11,261.61,265.42,3125202
21-Feb-13,265.12,269.48,263.25,265.94,3638795
20-Feb-13,270.2,274.3,266.37,266.41,3530656
19-Feb-13,265.91,270.11,264.5,269.75,2856410
15-Feb-13,267.63,268.92,263.11,265.09,3981233
14-Feb-13,267.37,270.65,265.4,269.24,3464080
13-Feb-13,261.53,269.96,260.3,269.47,5295786
12-Feb-13,259.19,260.16,257,258.7,2944730
11-Feb-13,263.2,263.25,256.6,257.21,3407457
8-Feb-13,261.4,265.25,260.56,261.95,3879628
7-Feb-13,264.1,264.1,255.11,260.23,3977065
6-Feb-13,265.16,266.89,261.11,262.22,2772204
5-Feb-13,262,268.03,261.46,266.89,4013780
4-Feb-13,262.78,264.68,259.07,259.98,3723793
1-Feb-13,268.93,268.93,262.8,265,6118146
31-Jan-13,271.04,275.94,263.7,265.5,6775977
30-Jan-13,283,284.2,267.11,272.76,13081805
29-Jan-13,275.35,275.46,258.35,260.35,10172552
28-Jan-13,283.78,284.48,274.4,276.04,4322557
25-Jan-13,275,284.72,274.4,283.99,4974945
24-Jan-13,269.37,276.65,269.37,273.62,3416909
23-Jan-13,270.57,271.09,266.65,268.11,2513507
22-Jan-13,271.62,272.1,269.23,270.19,2139462
18-Jan-13,270.83,274.5,269.6,272.12,2944742
17-Jan-13,271.5,271.97,269.21,270.48,1884883
16-Jan-13,270.53,271.24,267.83,268.93,2066092
15-Jan-13,270.68,272.73,269.3,271.9,2327154
14-Jan-13,268,274.26,267.54,272.73,4274746
11-Jan-13,265.1,268.43,264.11,267.94,2413364
10-Jan-13,268.54,268.74,262.3,265.34,2866093
9-Jan-13,268.17,269.5,265.4,266.35,2265991
8-Jan-13,267.07,268.98,263.57,266.38,3012356
7-Jan-13,262.97,269.72,262.67,268.46,4912360
4-Jan-13,257.58,259.8,256.65,259.15,1875900
3-Jan-13,257.27,260.88,256.37,258.48,2751611
2-Jan-13,256.08,258.1,253.26,257.31,3271279
31-Dec-12,243.75,252.41,242.75,250.87,3419354
28-Dec-12,245.85,247.44,245.05,245.18,1863298
27-Dec-12,248.28,249.35,242.86,248.31,3640682
26-Dec-12,257.15,257.42,248.04,248.63,4153579
24-Dec-12,257.3,259.5,256.96,258.62,986435
21-Dec-12,257.82,258.38,255.74,256.92,4704602
20-Dec-12,258.36,262.41,256.54,261.5,2585390
19-Dec-12,261.3,261.67,257.68,257.99,2301721
18-Dec-12,254.57,263.11,254.57,260.4,4961611
17-Dec-12,249.81,254,249.26,253.86,2277289
14-Dec-12,250.11,251.9,247.79,249.19,2527188
13-Dec-12,251.11,254.54,250.02,251.25,2462285
12-Dec-12,251.07,254.36,250.06,251.76,2628123
11-Dec-12,248.5,253.48,246.65,250.69,4185953
10-Dec-12,253.1,254.78,247.3,247.77,3505507
7-Dec-12,254.14,255.21,252.01,253.27,2170475
6-Dec-12,253,255.17,251.51,253.37,3557822
5-Dec-12,252.44,255.55,250.38,253.96,2853087
4-Dec-12,249.94,253,248.66,252.49,3116870
3-Dec-12,252.54,254.16,250,250.33,2991393
30-Nov-12,250.38,252.65,248.27,252.05,3797641
29-Nov-12,248.05,252.48,247.5,251.27,5314702
28-Nov-12,242.45,247.23,241.5,247.11,2744898
27-Nov-12,243.22,245.67,241.54,243.4,3048476
26-Nov-12,240.39,244.32,238,243.62,4178897
23-Nov-12,239.89,240,236.48,239.88,1776744
21-Nov-12,233.84,238.67,232.75,238.03,2959494
20-Nov-12,230,233.82,229.5,233.78,2772653
19-Nov-12,228.32,232.5,227.45,229.71,3593171
16-Nov-12,221.31,226.25,218.64,225.23,4353536
15-Nov-12,222.3,225.16,218.18,220.6,3404622
14-Nov-12,226.5,227.41,222.51,222.95,3034284
13-Nov-12,225.12,227.9,224.71,226.6,2629797
12-Nov-12,226.59,229.22,225.41,226.47,2129805
9-Nov-12,226.26,230.97,224.6,226.31,3092767
8-Nov-12,232.22,233.45,227.1,227.35,2991034
7-Nov-12,235.65,235.66,229.42,232.06,3625570
6-Nov-12,235.41,237.75,234.45,237.56,2664319
5-Nov-12,232.04,234.83,230.11,234.33,1846241
2-Nov-12,234.01,237.4,232.11,232.42,3374847
1-Nov-12,234.23,234.55,231.34,232.14,3905997
31-Oct-12,236.32,238.7,230.5,232.89,4797876
26-Oct-12,228.6,238.71,226.69,238.24,11367410
25-Oct-12,230.92,230.92,222.92,222.92,6741212
24-Oct-12,235.88,235.94,227.95,228.49,3679682
23-Oct-12,231.05,236.5,230.01,234.31,4431962
22-Oct-12,238.81,238.95,232.32,233.78,4499938
19-Oct-12,245.16,246.82,238.94,240,4396972
18-Oct-12,247.77,250.91,242.7,244.85,5305942
17-Oct-12,243.37,248.8,243.3,247.49,3303018
16-Oct-12,244.87,245.77,242.08,243.94,2204143
15-Oct-12,242.85,244.78,238.51,244.18,2960049
12-Oct-12,243.18,245.46,241.91,242.36,2203701
11-Oct-12,248,249.3,241.89,244.22,3447983
10-Oct-12,252,252.46,244.01,244.99,3950008
9-Oct-12,258.67,259.35,250.73,250.96,3497182
8-Oct-12,257.67,259.8,255.56,259.06,1762589
5-Oct-12,261.2,261.9,257.49,258.51,2807298
4-Oct-12,256.01,261.52,255.87,260.47,2710852
3-Oct-12,251.21,256.1,249.56,255.92,2746516
2-Oct-12,252.8,253.15,249.03,250.6,2195767
1-Oct-12,255.4,256.16,250.49,252.01,2581202
28-Sep-12,256.14,257,253.2,254.32,2456710
27-Sep-12,250.54,257.4,250.52,256.59,3397739
26-Sep-12,252.4,254.61,248.23,249.67,2921042
25-Sep-12,256.33,258.95,251.03,252.46,4405976
24-Sep-12,255.22,255.6,253,254.8,2710040
21-Sep-12,261.74,262,256.74,257.47,6060350
20-Sep-12,260.03,260.87,258,260.81,2914144
19-Sep-12,259.45,262.84,258.53,261.68,2637214
18-Sep-12,258.48,260.5,257,258.75,2216148
17-Sep-12,261.25,261.25,257,258,2306215
14-Sep-12,261.4,264.11,259.77,261.27,3666583
13-Sep-12,254.94,262,253.8,260.24,3526477
12-Sep-12,256.5,257.78,253.5,255.63,2274715
11-Sep-12,257.6,257.6,254.26,255.67,2526395
10-Sep-12,259,260,256.82,257.09,2567521
7-Sep-12,253.85,259.42,253.52,259.14,5030876
6-Sep-12,248.23,252.7,247.2,251.38,5363368
5-Sep-12,247.61,248.61,245.3,246.22,2653576
4-Sep-12,248.27,251,244.66,247.88,3954066
31-Aug-12,248.07,249.45,245.5,248.27,3347458
30-Aug-12,246.99,250,245.25,246.22,3647976
29-Aug-12,246.78,247.61,244.59,247.12,1773899
28-Aug-12,243.97,246.78,243,246.11,2746912
27-Aug-12,245.79,247.5,243.12,243.92,2929676
24-Aug-12,241.68,246.87,241.36,245.74,3699397
23-Aug-12,242.14,243.48,239.02,241.2,2454445
22-Aug-12,239.4,244.9,238.8,243.1,2473886
21-Aug-12,240.88,243.85,238.55,239.45,2571911
20-Aug-12,241.37,241.65,238.2,240.35,1889992
17-Aug-12,240.6,243.35,240.47,241.17,3085900
16-Aug-12,237.72,242.82,236.2,241.55,4312712
15-Aug-12,232.26,238.14,232.25,237.42,3266819
14-Aug-12,234.71,236.72,232.62,233.19,2750998
13-Aug-12,232.23,234.37,231,232.44,1997421
10-Aug-12,233.08,234.85,231.43,232.75,1852503
9-Aug-12,233.93,235.99,233.5,234.06,1548552
8-Aug-12,235.29,236.45,233.59,234.38,1534228
7-Aug-12,234.13,238,233.25,236.56,2058428
6-Aug-12,235.56,235.74,233.81,233.99,1843686
3-Aug-12,234.03,236.49,233.03,234.97,2825514
2-Aug-12,230.56,234.34,228.66,230.81,3048331
1-Aug-12,234.14,234.38,230.7,232.09,2543843
31-Jul-12,235.1,236.3,231.61,233.3,3455868
30-Jul-12,237,240.74,234.07,236.09,3736365
27-Jul-12,225.25,238.34,224.5,237.32,11315524
26-Jul-12,220,221.45,214.95,220.01,6937337
25-Jul-12,222,222.5,215.91,217.05,3648127
24-Jul-12,226.27,226.61,221.23,223.04,5017099
23-Jul-12,224.72,226.58,221.54,226.01,5516909
20-Jul-12,225.36,229.39,225.3,228.29,4170883
19-Jul-12,220.73,227.5,220.69,226.17,5451352
18-Jul-12,216.15,218.67,215.71,217.47,2097319
17-Jul-12,217.45,217.94,213.96,216.93,1987267
16-Jul-12,216.6,218.31,214.46,216.01,2004345
13-Jul-12,215.63,219.31,213.88,218.39,2222329
12-Jul-12,216.61,217.3,212.61,215.36,2617140
11-Jul-12,218.95,221.74,215.34,218.37,2734848
10-Jul-12,226.25,227.14,218.28,219.5,2983109
9-Jul-12,225,226,223.45,225.05,1921979
6-Jul-12,226.35,228.9,224.18,225.05,3203230
5-Jul-12,228.62,230.5,226.53,227.06,2683610
3-Jul-12,229.14,229.53,227.59,229.53,1335952
2-Jul-12,229.3,229.34,226.34,229.32,2330930
29-Jun-12,224.7,228.35,223.71,228.35,3615572
